slug,brand,model,year,price_nok,range_km,battery_kwh,dc_charging_kw,drivetrain,image_url,description,is_published,consumption_kwh_100km,power_hp,torque_nm,acceleration_0_100,top_speed_kmh,seats,cargo_l,towing_kg,warranty,ac_charging_kw,vehicle_type,body_style,source_name,source_url,data_last_checked_at,import_status,import_notes
tesla-model-3-standard,Tesla,Model 3 Standard,,,,,,,,,false,,,,,,,,,,,,,Tesla Norge,https://www.tesla.com/no_no/model3,2026-07-25,needs_review,"Tom malrad. Fyll inn spesifikasjoner fra Tesla Norge før godkjenning."
tesla-model-3-long-range-rwd,Tesla,Model 3 Long Range Bakhjulsdrift,,,,,,,,,false,,,,,,,,,,,,,Tesla Norge,https://www.tesla.com/no_no/model3,2026-07-25,needs_review,"Tom malrad. Fyll inn spesifikasjoner fra Tesla Norge før godkjenning."
tesla-model-3-long-range-awd,Tesla,Model 3 Long Range Firehjulsdrift,,,,,,,,,false,,,,,,,,,,,,,Tesla Norge,https://www.tesla.com/no_no/model3,2026-07-25,needs_review,"Tom malrad. Fyll inn spesifikasjoner fra Tesla Norge før godkjenning."
tesla-model-3-performance,Tesla,Model 3 Performance,,,,,,,,,false,,,,,,,,,,,,,Tesla Norge,https://www.tesla.com/no_no/model3,2026-07-25,needs_review,"Tom malrad. Fyll inn spesifikasjoner fra Tesla Norge før godkjenning."
tesla-model-y-standard,Tesla,Model Y Standard,,,,,,,,,false,,,,,,,,,,,,,Tesla Norge,https://www.tesla.com/no_no/modely,2026-07-25,needs_review,"Tom malrad. Fyll inn spesifikasjoner fra Tesla Norge før godkjenning."
tesla-model-y-standard-long-range,Tesla,Model Y Standard Long Range,,,,,,,,,false,,,,,,,,,,,,,Tesla Norge,https://www.tesla.com/no_no/modely,2026-07-25,needs_review,"Tom malrad. Fyll inn spesifikasjoner fra Tesla Norge før godkjenning."
tesla-model-y-premium-long-range-rwd,Tesla,Model Y Premium Long Range Bakhjulsdrift,,,,,,,,,false,,,,,,,,,,,,,Tesla Norge,https://www.tesla.com/no_no/modely,2026-07-25,needs_review,"Tom malrad. Fyll inn spesifikasjoner fra Tesla Norge før godkjenning."
tesla-model-y-premium-long-range-awd,Tesla,Model Y Premium Long Range Firehjulsdrift,,,,,,,,,false,,,,,,,,,,,,,Tesla Norge,https://www.tesla.com/no_no/modely,2026-07-25,needs_review,"Tom malrad. Fyll inn spesifikasjoner fra Tesla Norge før godkjenning."
tesla-model-y-performance,Tesla,Model Y Performance,,,,,,,,,false,,,,,,,,,,,,,Tesla Norge,https://www.tesla.com/no_no/modely,2026-07-25,needs_review,"Tom malrad. Fyll inn spesifikasjoner fra Tesla Norge før godkjenning."
